ano,pedra,IDA,IEG_analise,IAA_analise,IPS,IPP,IPV,IAN
2022,Ametista,7.01,8.62,8.76,7.07,,7.63,6.67
2022,Quartzo,3.14,5.26,8.15,6.55,,5.8,5.25
2022,Topázio,8.25,9.28,9.17,7.35,,8.43,8.38
2022,Ágata,5.25,7.54,8.49,6.63,,6.89,5.68
2023,Ametista,6.87,8.95,8.58,4.96,7.63,8.14,7.12
2023,Quartzo,4.59,7.12,7.72,4.13,6.68,6.86,5.31
2023,Topázio,8.13,9.43,9.0,6.2,8.06,8.81,8.49
2023,Ágata,5.59,8.1,8.33,4.69,7.25,7.47,6.07
2024,Ametista,6.57,8.46,8.71,6.94,7.58,7.44,7.19
2024,Quartzo,3.11,5.04,8.34,5.96,6.47,5.84,6.36
2024,Topázio,8.19,9.4,9.0,7.09,8.19,8.22,8.8
2024,Ágata,4.92,7.07,8.43,6.7,7.11,6.71,6.53
