ano,perfil,count,mean
2023,IDA + IEG + IPS,79.0,8.25
2023,IDA + IEG + IPS + IPP,107.0,8.21
2023,IDA + IEG + IPP,87.0,7.92
2023,IDA + IPS + IPP,59.0,7.72
2023,IEG + IPS + IPP,42.0,7.7
2023,IDA + IEG,37.0,7.63
2023,IDA + IPS,44.0,7.5
2023,IDA + IPP,26.0,7.43
2023,IEG + IPP,48.0,7.3
2023,IEG + IPS,51.0,7.27
2023,IDA,31.0,6.97
2023,IEG,23.0,6.97
2023,IPS + IPP,60.0,6.95
2023,IPP,53.0,6.65
2023,IPS,105.0,6.43
2023,nenhum,79.0,6.2
2024,IDA + IEG + IPS + IPP,193.0,8.4
2024,IDA + IEG + IPP,128.0,8.32
2024,IDA + IEG + IPS,26.0,7.89
2024,IDA + IPS + IPP,76.0,7.82
2024,IEG + IPS + IPP,73.0,7.72
2024,IDA + IEG,22.0,7.65
2024,IEG + IPP,36.0,7.45
2024,IDA + IPP,31.0,7.44
2024,IDA + IPS,29.0,7.33
2024,IEG + IPS,25.0,7.31
2024,IEG,24.0,6.93
2024,IDA,26.0,6.84
2024,IPS + IPP,100.0,6.79
2024,IPP,55.0,6.51
2024,IPS,109.0,6.43
2024,nenhum,101.0,5.95
